Timestamp,Phase,P80_Micron,SpecificPower_kWht,ReturnLoad_th,FeO_Percent,BurnerZoneTemp_C,EWMA_P80,UCL_P80,LCL_P80,Z_FeO,CUSUM_FeO_plus,,CUSUM_FeO_minus,????? ????? ????? - Alarm_Liner,????? ?????? ???? - Alarm_Burner,????? ???????,????? ???? ????,????? ????,????? ??????
2026-10-01 00:00:00,Phase I (Baseline),75.99,17.86,331.4,1.445,1241.6,75.11568,75.57214736,74.22205264,-0.692451658,0,0.5,0.442451658,NORMAL,NORMAL,P80_Mean ( ?0  ),74.8971,75,??????? ??? ???? ???? ????? ?? ????? ????
2026-10-01 01:00:00,Phase I (Baseline),75.06,18.26,306.2,1.588,1254.3,75.104544,75.76158243,74.03261757,0.611136903,0.361136903,0.5,0,NORMAL,NORMAL,P80_StdDev ( å0),1.125078938,~2.0,????? ????? ???? ?????? ??????
2026-10-01 02:00:00,Phase I (Baseline),75.7,18.5,333,1.682,1259.5,75.2236352,75.86352644,73.93067356,1.468041273,1.579178176,0.5,0,NORMAL,NORMAL,Lambda ( ?  ),0.2,0.2,???? ????? ????? (??? ?????? ????)
2026-10-01 03:00:00,Phase I (Baseline),76.49,18.52,340.3,1.642,1255.8,75.47690816,75.92347039,73.87072961,1.103401116,2.432579292,0.5,0,NORMAL,NORMAL,EWMA_L ( L ),3,3,???? ????? ?? ????? (???? 3å 3å )
2026-10-01 04:00:00,Phase I (Baseline),75.47,18.32,326.2,1.469,1258,75.47552653,75.96006194,73.83413806,-0.473667564,1.708911728,0.5,0.223667564,NORMAL,NORMAL,FeO_Mean ( ? 0 ? ),1.52096,1.5,???? ??? FeO ????? ?? ?????? ????
2026-10-01 05:00:00,Phase I (Baseline),75.88,18.75,348.2,1.364,1243.9,75.55642122,75.98283354,73.81136646,-1.430847977,0.028063751,0.5,1.404515541,NORMAL,NORMAL,FeO_StdDev ( å 0 ? ),0.109697188,~0.08,????? ???? ?????????? ? ??????? FeO
2026-10-01 06:00:00,Phase I (Baseline),77.58,18.07,308.4,1.457,1238.6,75.96113698,75.99716001,73.79703999,-0.583059611,0,0.5,1.737575152,NORMAL,NORMAL,CUSUM_K (  k ),0.25,0.25,????? ???? (Reference Value) ?? ???? ???? ????
2026-10-01 07:00:00,Phase I (Baseline),76.46,18.44,301.3,1.584,1262,76.06090958,76.00623184,73.78796816,0.574672888,0.324672888,0.5,0.912902265,ALARM: LINER WEAR,NORMAL,CUSUM_H (  h ),5,5,?? ????? (Decision Interval) ???? ???? ?????
2026-10-01 08:00:00,Phase I (Baseline),75.79,18.55,293.3,1.636,1247.4,76.00672767,76.01199907,73.78220093,1.048705092,1.12337798,0.5,0,NORMAL,NORMAL,,,,
2026-10-01 09:00:00,Phase I (Baseline),76.33,18.71,342.4,1.866,1248,76.07138213,76.0156745,73.7785255,3.145385996,4.018763975,0.5,0,ALARM: LINER WEAR,NORMAL,,,,
2026-10-01 10:00:00,Phase I (Baseline),74.74,18.78,329.8,1.625,1260.6,75.80510571,76.01802044,73.77617956,0.948429049,4.717193024,0.5,0,NORMAL,NORMAL,,,,
2026-10-01 11:00:00,Phase I (Baseline),74.85,18.05,319.2,1.53,1254.4,75.61408456,76.01951928,73.77468072,0.082408676,4.5496017,0.5,0,NORMAL,NORMAL,,,,
2026-10-01 12:00:00,Phase I (Baseline),75.9,17.89,324.2,1.463,1253.6,75.67126765,76.02047748,73.77372252,-0.528363588,3.771238112,0.5,0.278363588,NORMAL,NORMAL,,,,
2026-10-01 13:00:00,Phase I (Baseline),73.21,19.01,303.1,1.672,1267.3,75.17901412,76.0210903,73.7731097,1.376881233,4.898119346,0.5,0,NORMAL,NORMAL,,,,
2026-10-01 14:00:00,Phase I (Baseline),72.01,18.63,356.7,1.449,1244.9,74.5452113,76.02148233,73.77271767,-0.655987643,3.992131703,0.5,0.405987643,NORMAL,NORMAL,,,,
2026-10-01 15:00:00,Phase I (Baseline),73.36,18.2,321.9,1.541,1257.4,74.30816904,76.02173316,73.77246684,0.182684719,3.924816422,0.5,0,NORMAL,NORMAL,,,,
2026-10-01 16:00:00,Phase I (Baseline),73.32,19.12,321.6,1.544,1250.5,74.11053523,76.02189366,73.77230634,0.210032731,3.884849152,0.5,0,NORMAL,NORMAL,,,,
2026-10-01 17:00:00,Phase I (Baseline),74.63,18.55,330.9,1.526,1252.1,74.21442818,76.02199637,73.77220363,0.04594466,3.680793812,0.5,0,NORMAL,NORMAL,,,,
2026-10-01 18:00:00,Phase I (Baseline),74.15,18.97,327.2,1.498,1262.2,74.20154255,76.0220621,73.7721379,-0.20930345,3.221490362,0.5,0,NORMAL,NORMAL,,,,
2026-10-01 19:00:00,Phase I (Baseline),73.46,18.53,323.4,1.68,1254.1,74.05323404,76.02210416,73.77209584,1.449809265,4.421299627,0.5,0,NORMAL,NORMAL,,,,
2026-10-01 20:00:00,Phase I (Baseline),74.81,19.32,308.1,1.634,1254.3,74.20458723,76.02213108,73.77206892,1.030473084,5.201772711,0.5,0,NORMAL,ALARM: BURNER DRIFT,,,,
2026-10-01 21:00:00,Phase I (Baseline),75.21,19.2,327.1,1.425,1258.6,74.40566978,76.02214831,73.77205169,-0.874771737,4.077000974,0.5,0.624771737,NORMAL,NORMAL,,,,
2026-10-01 22:00:00,Phase I (Baseline),75.76,18.4,348.2,1.559,1247.1,74.67653583,76.02215934,73.77204066,0.346772789,4.173773763,0.5,0.027998948,NORMAL,NORMAL,,,,
2026-10-01 23:00:00,Phase I (Baseline),74.02,18.89,340.2,1.392,1243.3,74.54522866,76.02216639,73.77203361,-1.175599867,2.748173896,0.5,0.953598814,NORMAL,NORMAL,,,,
2026-10-02 00:00:00,Phase I (Baseline),73.95,18.76,343.9,1.585,1241.6,74.42618293,76.02217091,73.77202909,0.583788892,3.081962788,0.5,0.119809923,NORMAL,NORMAL,,,,
2026-10-02 01:00:00,Phase I (Baseline),73.76,19.05,312.3,1.628,1234.3,74.29294634,76.0221738,73.7720262,0.975777061,3.807739849,0.5,0,NORMAL,NORMAL,,,,
2026-10-02 02:00:00,Phase I (Baseline),73.54,18.11,305.2,1.548,1266.4,74.14235707,76.02217565,73.77202435,0.246496746,3.804236595,0.5,0,NORMAL,NORMAL,,,,
2026-10-02 03:00:00,Phase I (Baseline),74.82,18.77,318.1,1.5,1241.2,74.27788566,76.02217683,73.77202317,-0.191071442,3.363165152,0.5,0,NORMAL,NORMAL,,,,
2026-10-02 04:00:00,Phase I (Baseline),74.33,18.92,320.8,1.414,1248.2,74.28830853,76.02217759,73.77202241,-0.97504778,2.138117372,0.5,0.72504778,NORMAL,NORMAL,,,,
2026-10-02 05:00:00,Phase I (Baseline),74.93,17.8,336.4,1.487,1247.8,74.41664682,76.02217808,73.77202192,-0.309579493,1.578537879,0.5,0.784627274,NORMAL,NORMAL,,,,
2026-10-02 06:00:00,Phase I (Baseline),74.25,18.03,294.6,1.358,1252.5,74.38331746,76.02217839,73.77202161,-1.485544,0,0.5,2.020171274,NORMAL,NORMAL,,,,
2026-10-02 07:00:00,Phase I (Baseline),76.54,17.68,342.9,1.36,1256.5,74.81465397,76.02217858,73.77202142,-1.467311992,0,0.5,3.237483266,NORMAL,NORMAL,,,,
2026-10-02 08:00:00,Phase I (Baseline),75.32,18.39,317.6,1.668,1256.9,74.91572317,76.02217871,73.77202129,1.340417218,1.090417218,0.5,1.647066049,NORMAL,NORMAL,,,,
2026-10-02 09:00:00,Phase I (Baseline),74.21,18.79,313.6,1.36,1245.3,74.77457854,76.02217879,73.77202121,-1.467311992,0,0.5,2.864378041,NORMAL,NORMAL,,,,
2026-10-02 10:00:00,Phase I (Baseline),75.22,19.1,304.8,1.654,1248.7,74.86366283,76.02217885,73.77202115,1.212793163,0.962793163,0.5,1.401584878,NORMAL,NORMAL,,,,
2026-10-02 11:00:00,Phase I (Baseline),74.14,18.53,295.2,1.529,1252.3,74.71893026,76.02217888,73.77202112,0.073292672,0.786085834,0.5,1.078292207,NORMAL,NORMAL,,,,
2026-10-02 12:00:00,Phase I (Baseline),74.53,19.15,332.3,1.363,1248,74.68114421,76.0221789,73.7720211,-1.439963981,0,0.5,2.268256187,NORMAL,NORMAL,,,,
2026-10-02 13:00:00,Phase I (Baseline),72.91,17.95,321.1,1.58,1262.9,74.32691537,76.02217891,73.77202109,0.538208872,0.288208872,0.5,1.480047316,NORMAL,NORMAL,,,,
2026-10-02 14:00:00,Phase I (Baseline),73.07,17.82,300.7,1.516,1253.9,74.0755323,76.02217892,73.77202108,-0.045215379,0,0.5,1.275262695,NORMAL,NORMAL,,,,
2026-10-02 15:00:00,Phase I (Baseline),73.9,18.48,300.6,1.522,1255.9,74.04042584,76.02217893,73.77202107,0.009480644,0,0.5,1.015782051,NORMAL,NORMAL,,,,
2026-10-02 16:00:00,Phase I (Baseline),74.25,18.65,315,1.423,1255.3,74.08234067,76.02217893,73.77202107,-0.893003745,0,0.5,1.658785796,NORMAL,NORMAL,,,,
2026-10-02 17:00:00,Phase I (Baseline),75.62,18.49,345,1.513,1259.4,74.38987254,76.02217893,73.77202107,-0.072563391,0,0.5,1.481349187,NORMAL,NORMAL,,,,
2026-10-02 18:00:00,Phase I (Baseline),75.93,17.67,316.1,1.521,1251.4,74.69789803,76.02217894,73.77202106,0.00036464,0,0.5,1.230984547,NORMAL,NORMAL,,,,
2026-10-02 19:00:00,Phase I (Baseline),74.59,18.46,297.5,1.698,1239.6,74.67631842,76.02217894,73.77202106,1.613897336,1.363897336,0.5,0,NORMAL,NORMAL,,,,
2026-10-02 20:00:00,Phase I (Baseline),73.79,17.98,316.3,1.443,1253.2,74.49905474,76.02217894,73.77202106,-0.710683666,0.403213669,0.5,0.460683666,NORMAL,NORMAL,,,,
2026-10-02 21:00:00,Phase I (Baseline),73.44,18.77,315.9,1.532,1244.8,74.28724379,76.02217894,73.77202106,0.100640683,0.253854353,0.5,0.110042983,NORMAL,NORMAL,,,,
2026-10-02 22:00:00,Phase I (Baseline),73.86,18.65,279.5,1.515,1245.8,74.20179503,76.02217894,73.77202106,-0.054331383,0,0.5,0,NORMAL,NORMAL,,,,
2026-10-02 23:00:00,Phase I (Baseline),75.47,18.12,319.2,1.542,1254.7,74.45543603,76.02217894,73.77202106,0.191800723,0,0.5,0,NORMAL,NORMAL,,,,
2026-10-03 00:00:00,Phase I (Baseline),75.45,18.29,316.5,1.656,1259.9,74.65434882,76.02217894,73.77202106,1.231025171,0.981025171,0.5,0,NORMAL,NORMAL,,,,
2026-10-03 01:00:00,Phase I (Baseline),73.27,18.08,330.4,1.429,1250.2,74.37747906,76.02217894,73.77202106,-0.838307721,0,0.5,0.588307721,NORMAL,NORMAL,,,,
2026-10-03 02:00:00,Phase I (Baseline),73.99,18.47,347.7,1.431,1252.5,74.29998325,76.02217894,73.77202106,-0.820075713,0,0.5,1.158383435,NORMAL,NORMAL,,,,
2026-10-03 03:00:00,Phase I (Baseline),73.64,18.88,336.9,1.521,1263.6,74.1679866,76.02217894,73.77202106,0.00036464,0,0.5,0.908018795,NORMAL,NORMAL,,,,
2026-10-03 04:00:00,Phase I (Baseline),73.23,18.11,316,1.627,1251.9,73.98038928,76.02217894,73.77202106,0.966661057,0.716661057,0.5,0,NORMAL,NORMAL,,,,
2026-10-03 05:00:00,Phase I (Baseline),74.54,18.7,303.4,1.63,1270.8,74.09231142,76.02217894,73.77202106,0.994009068,1.460670125,0.5,0,NORMAL,NORMAL,,,,
2026-10-03 06:00:00,Phase I (Baseline),75.32,18.29,358.6,1.478,1254.5,74.33784914,76.02217894,73.77202106,-0.391623529,0.819046596,0.5,0.141623529,NORMAL,NORMAL,,,,
2026-10-03 07:00:00,Phase I (Baseline),76.35,18.18,320.9,1.463,1235.9,74.74027931,76.02217894,73.77202106,-0.528363588,0.040683009,0.5,0.419987117,NORMAL,NORMAL,,,,
2026-10-03 08:00:00,Phase I (Baseline),75.73,18.46,320.2,1.626,1256,74.93822345,76.02217894,73.77202106,0.957545053,0.748228061,0.5,0,NORMAL,NORMAL,,,,
2026-10-03 09:00:00,Phase I (Baseline),74.83,18.09,319.6,1.58,1253,74.91657876,76.02217894,73.77202106,0.538208872,1.036436933,0.5,0,NORMAL,NORMAL,,,,
2026-10-03 10:00:00,Phase I (Baseline),75.33,18.28,323,1.555,1260.3,74.99926301,76.02217894,73.77202106,0.310308774,1.096745707,0.5,0,NORMAL,NORMAL,,,,
2026-10-03 11:00:00,Phase I (Baseline),76.31,18.02,317.8,1.77,1255.4,75.26141041,76.02217894,73.77202106,2.270249619,3.116995326,0.5,0,NORMAL,NORMAL,,,,
2026-10-03 12:00:00,Phase I (Baseline),75.52,19.29,311.4,1.471,1248.9,75.31312832,76.02217894,73.77202106,-0.455435556,2.411559769,0.5,0.205435556,NORMAL,NORMAL,,,,
2026-10-03 13:00:00,Phase I (Baseline),75.16,18.51,311.8,1.354,1240.2,75.28250266,76.02217894,73.77202106,-1.522008016,0.639551753,0.5,1.477443572,NORMAL,NORMAL,,,,
2026-10-03 14:00:00,Phase I (Baseline),74.46,18.22,319.5,1.301,1248.3,75.11800213,76.02217894,73.77202106,-2.005156224,0,0.5,3.232599797,NORMAL,NORMAL,,,,
2026-10-03 15:00:00,Phase I (Baseline),73.87,18.59,311.8,1.449,1243.2,74.8684017,76.02217894,73.77202106,-0.655987643,0,0.5,3.638587439,NORMAL,NORMAL,,,,
2026-10-03 16:00:00,Phase I (Baseline),74.49,18.46,309.3,1.583,1245.4,74.79272136,76.02217894,73.77202106,0.565556884,0.315556884,0.5,2.823030556,NORMAL,NORMAL,,,,
2026-10-03 17:00:00,Phase I (Baseline),76.37,18.41,321.6,1.454,1254.7,75.10817709,76.02217894,73.77202106,-0.610407623,0,0.5,3.183438179,NORMAL,NORMAL,,,,
2026-10-03 18:00:00,Phase I (Baseline),76.14,18.75,316.2,1.62,1263.4,75.31454167,76.02217894,73.77202106,0.902849029,0.652849029,0.5,2.03058915,NORMAL,NORMAL,,,,
2026-10-03 19:00:00,Phase I (Baseline),76.15,18.8,342.6,1.288,1253.2,75.48163334,76.02217894,73.77202106,-2.123664275,0,0.5,3.904253425,NORMAL,NORMAL,,,,
2026-10-03 20:00:00,Phase I (Baseline),75.97,18.29,280.2,1.448,1240.4,75.57930667,76.02217894,73.77202106,-0.665103647,0,0.5,4.319357072,NORMAL,NORMAL,,,,
2026-10-03 21:00:00,Phase I (Baseline),75.3,18.27,336.4,1.442,1253.6,75.52344534,76.02217894,73.77202106,-0.71979967,0,0.5,4.789156742,NORMAL,NORMAL,,,,
2026-10-03 22:00:00,Phase I (Baseline),75.38,18.39,338.7,1.569,1259.6,75.49475627,76.02217894,73.77202106,0.437932829,0.187932829,0.5,4.101223913,NORMAL,NORMAL,,,,
2026-10-03 23:00:00,Phase I (Baseline),77.13,17.58,288.9,1.432,1245.1,75.82180501,76.02217894,73.77202106,-0.81095971,0,0.5,4.662183623,NORMAL,NORMAL,,,,
2026-10-04 00:00:00,Phase I (Baseline),77.32,17.89,314.9,1.727,1248.9,76.12144401,76.02217894,73.77202106,1.87826145,1.62826145,0.5,2.533922173,ALARM: LINER WEAR,NORMAL,,,,
2026-10-04 01:00:00,Phase I (Baseline),77.29,19.05,314.4,1.532,1250.1,76.35515521,76.02217894,73.77202106,0.100640683,1.478902133,0.5,2.18328149,ALARM: LINER WEAR,NORMAL,,,,
2026-10-04 02:00:00,Phase I (Baseline),73.21,19.16,298.9,1.326,1243.7,75.72612417,76.02217894,73.77202106,-1.777256126,0,0.5,3.710537616,NORMAL,NORMAL,,,,
2026-10-04 03:00:00,Phase I (Baseline),74.91,18.4,308.3,1.573,1255.2,75.56289933,76.02217894,73.77202106,0.474396844,0.224396844,0.5,2.986140771,NORMAL,NORMAL,,,,
2026-10-04 04:00:00,Phase I (Baseline),75.39,18.73,303.3,1.612,1249,75.52831947,76.02217894,73.77202106,0.829920998,0.804317842,0.5,1.906219773,NORMAL,NORMAL,,,,
2026-10-04 05:00:00,Phase I (Baseline),74.83,18.62,346.3,1.403,1253.4,75.38865557,76.02217894,73.77202106,-1.075323823,0,0.5,2.731543597,NORMAL,NORMAL,,,,
2026-10-04 06:00:00,Phase I (Baseline),75.72,19.73,334,1.495,1242.9,75.45492446,76.02217894,73.77202106,-0.236651462,0,0.5,2.718195059,NORMAL,NORMAL,,,,
2026-10-04 07:00:00,Phase I (Baseline),72.94,18.95,339.1,1.47,1246.5,74.95193957,76.02217894,73.77202106,-0.46455156,0,0.5,2.932746619,NORMAL,NORMAL,,,,
2026-10-04 08:00:00,Phase I (Baseline),74.01,18.45,330.8,1.446,1255.8,74.76355165,76.02217894,73.77202106,-0.683335655,0,0.5,3.366082274,NORMAL,NORMAL,,,,
2026-10-04 09:00:00,Phase I (Baseline),74.48,18.12,303.1,1.605,1247,74.70684132,76.02217894,73.77202106,0.76610897,0.51610897,0.5,2.349973304,NORMAL,NORMAL,,,,
2026-10-04 10:00:00,Phase I (Baseline),76.9,17.86,312.1,1.617,1263.8,75.14547306,76.02217894,73.77202106,0.875501017,1.141609988,0.5,1.224472286,NORMAL,NORMAL,,,,
2026-10-04 11:00:00,Phase I (Baseline),76.58,18.58,327.3,1.435,1246.8,75.43237845,76.02217894,73.77202106,-0.783611698,0.10799829,0.5,1.758083984,NORMAL,NORMAL,,,,
2026-10-04 12:00:00,Phase I (Baseline),74.76,18.2,301.7,1.6,1251.8,75.29790276,76.02217894,73.77202106,0.720528951,0.57852724,0.5,0.787555033,NORMAL,NORMAL,,,,
2026-10-04 13:00:00,Phase I (Baseline),74.14,17.93,330.7,1.309,1257.5,75.06632221,76.02217894,73.77202106,-1.932228193,0,0.5,2.469783226,NORMAL,NORMAL,,,,
2026-10-04 14:00:00,Phase I (Baseline),75.78,18.24,316.4,1.546,1238.7,75.20905776,76.02217894,73.77202106,0.228264738,0,0.5,1.991518488,NORMAL,NORMAL,,,,
2026-10-04 15:00:00,Phase I (Baseline),75.53,18.07,314.4,1.517,1235.9,75.27324621,76.02217894,73.77202106,-0.036099376,0,0.5,1.777617863,NORMAL,NORMAL,,,,
2026-10-04 16:00:00,Phase I (Baseline),74.79,19.17,330.7,1.661,1237.8,75.17659697,76.02217894,73.77202106,1.27660519,1.02660519,0.5,0.251012673,NORMAL,NORMAL,,,,
2026-10-04 17:00:00,Phase I (Baseline),75.36,18.85,326.7,1.418,1260.1,75.21327758,76.02217894,73.77202106,-0.938583765,0,0.5,0.939596438,NORMAL,NORMAL,,,,
2026-10-04 18:00:00,Phase I (Baseline),74.33,18.5,314.6,1.501,1245.6,75.03662206,76.02217894,73.77202106,-0.181955438,0,0.5,0.871551876,NORMAL,NORMAL,,,,
2026-10-04 19:00:00,Phase I (Baseline),75.49,19.09,337.4,1.535,1270.5,75.12729765,76.02217894,73.77202106,0.127988695,0,0.5,0.493563181,NORMAL,NORMAL,,,,
2026-10-04 20:00:00,Phase I (Baseline),74.3,18.53,303.8,1.339,1245.5,74.96183812,76.02217894,73.77202106,-1.658748075,0,0.5,1.902311256,NORMAL,NORMAL,,,,
2026-10-04 21:00:00,Phase I (Baseline),74.07,18.16,329.2,1.427,1251.5,74.78347049,76.02217894,73.77202106,-0.856539729,0,0.5,2.508850985,NORMAL,NORMAL,,,,
2026-10-04 22:00:00,Phase I (Baseline),74.86,19.11,328.9,1.407,1262.3,74.7987764,76.02217894,73.77202106,-1.038859808,0,0.5,3.297710793,NORMAL,NORMAL,,,,
2026-10-04 23:00:00,Phase I (Baseline),72.98,18.72,315.4,1.546,1266,74.43502112,76.02217894,73.77202106,0.228264738,0,0.5,2.819446054,NORMAL,NORMAL,,,,
2026-10-05 00:00:00,Phase I (Baseline),74.56,18.09,324.9,1.528,1266.5,74.46001689,76.02217894,73.77202106,0.064176668,0,0.5,2.505269387,NORMAL,NORMAL,,,,
2026-10-05 01:00:00,Phase I (Baseline),74.85,18.42,301.2,1.729,1259.7,74.53801351,76.02217894,73.77202106,1.896493457,1.646493457,0.5,0.358775929,NORMAL,NORMAL,,,,
2026-10-05 02:00:00,Phase I (Baseline),74.78,18.15,333.9,1.52,1258.2,74.58641081,76.02217894,73.77202106,-0.008751364,1.387742094,0.5,0.117527293,NORMAL,NORMAL,,,,
2026-10-05 03:00:00,Phase I (Baseline),75.07,17.95,317.2,1.565,1254.7,74.68312865,76.02217894,73.77202106,0.401468813,1.539210907,0.5,0,NORMAL,NORMAL,,,,
2026-10-05 04:00:00,Phase II,73.93,18.87,312.2,1.857,1246.2,74.53250292,76.02217894,73.77202106,3.06334196,4.352552867,0.5,0,NORMAL,NORMAL,,,,
2026-10-05 05:00:00,Phase II,74.34,19.29,335.1,1.916,1235.6,74.49400234,76.02217894,73.77202106,3.601186192,7.703739059,0.5,0,NORMAL,ALARM: BURNER DRIFT,,,,
2026-10-05 06:00:00,Phase II,74.86,18,308.2,2.025,1233.5,74.56720187,76.02217894,73.77202106,4.59483062,12.04856968,0.5,0,NORMAL,ALARM: BURNER DRIFT,,,,
2026-10-05 07:00:00,Phase II,74.1,18.82,297.1,1.945,1240,74.47376149,76.02217894,73.77202106,3.865550306,15.66411999,0.5,0,NORMAL,ALARM: BURNER DRIFT,,,,
2026-10-05 08:00:00,Phase II,74.15,18.36,294.3,1.88,1238.6,74.4090092,76.02217894,73.77202106,3.273010051,18.68713004,0.5,0,NORMAL,ALARM: BURNER DRIFT,,,,
2026-10-05 09:00:00,Phase II,74.47,18.46,326.1,1.857,1236.4,74.42120736,76.02217894,73.77202106,3.06334196,21.500472,0.5,0,NORMAL,ALARM: BURNER DRIFT,,,,
2026-10-05 10:00:00,Phase II,76.13,18.44,297.2,1.864,1245.6,74.76296589,76.02217894,73.77202106,3.127153988,24.37762598,0.5,0,NORMAL,ALARM: BURNER DRIFT,,,,
2026-10-05 11:00:00,Phase II,77.41,18.36,342.1,1.609,1247.6,75.29237271,76.02217894,73.77202106,0.802572986,24.93019897,0.5,0,NORMAL,ALARM: BURNER DRIFT,,,,
2026-10-05 12:00:00,Phase II,77.36,18.76,284,1.678,1240.7,75.70589817,76.02217894,73.77202106,1.431577257,26.11177623,0.5,0,NORMAL,ALARM: BURNER DRIFT,,,,
2026-10-05 13:00:00,Phase II,75.76,18.44,340,1.684,1251.8,75.71671853,76.02217894,73.77202106,1.486273281,27.34804951,0.5,0,NORMAL,ALARM: BURNER DRIFT,,,,
2026-10-05 14:00:00,Phase II,73.26,18.91,317.2,1.669,1230.9,75.22537483,76.02217894,73.77202106,1.349533222,28.44758273,0.5,0,NORMAL,ALARM: BURNER DRIFT,,,,
2026-10-05 15:00:00,Phase II,74.51,18.81,311.9,1.752,1238.5,75.08229986,76.02217894,73.77202106,2.106161548,30.30374428,0.5,0,NORMAL,ALARM: BURNER DRIFT,,,,
2026-10-05 16:00:00,Phase II,75.33,18.76,304.6,1.822,1234.3,75.13183989,76.02217894,73.77202106,2.744281823,32.7980261,0.5,0,NORMAL,ALARM: BURNER DRIFT,,,,
2026-10-05 17:00:00,Phase II,77.97,18.53,318.2,1.842,1225.1,75.69947191,76.02217894,73.77202106,2.926601901,35.474628,0.5,0,NORMAL,ALARM: BURNER DRIFT,,,,
2026-10-05 18:00:00,Phase II,76.65,18.69,311,1.812,1239.3,75.88957753,76.02217894,73.77202106,2.653121784,37.87774979,0.5,0,NORMAL,ALARM: BURNER DRIFT,,,,
2026-10-05 19:00:00,Phase II,76.46,19.25,327.5,1.82,1239,76.00366202,76.02217894,73.77202106,2.726049815,40.3537996,0.5,0,NORMAL,ALARM: BURNER DRIFT,,,,
2026-10-05 20:00:00,Phase II,76.3,19.18,312.1,1.663,1252.1,76.06292962,76.02217894,73.77202106,1.294837198,41.3986368,0.5,0,ALARM: LINER WEAR,ALARM: BURNER DRIFT,,,,
2026-10-05 21:00:00,Phase II,75.09,18.62,312.1,1.66,1245,75.86834369,76.02217894,73.77202106,1.267489186,42.41612599,0.5,0,NORMAL,ALARM: BURNER DRIFT,,,,
2026-10-05 22:00:00,Phase II,75.38,19.08,303.7,1.669,1231.8,75.77067496,76.02217894,73.77202106,1.349533222,43.51565921,0.5,0,NORMAL,ALARM: BURNER DRIFT,,,,
2026-10-05 23:00:00,Phase II,76.2,19.37,307.7,1.54,1254.8,75.85653996,76.02217894,73.77202106,0.173568715,43.43922792,0.5,0,NORMAL,ALARM: BURNER DRIFT,,,,
2026-10-06 00:00:00,Phase II,76.4,18.43,312.6,1.701,1249.8,75.96523197,76.02217894,73.77202106,1.641245347,44.83047327,0.5,0,NORMAL,ALARM: BURNER DRIFT,,,,
2026-10-06 01:00:00,Phase II,75.52,19.35,281.7,1.738,1244.7,75.87618558,76.02217894,73.77202106,1.978537493,46.55901076,0.5,0,NORMAL,ALARM: BURNER DRIFT,,,,
2026-10-06 02:00:00,Phase II,78.54,18.89,286.6,1.756,1238.2,76.40894846,76.02217894,73.77202106,2.142625564,48.45163633,0.5,0,ALARM: LINER WEAR,ALARM: BURNER DRIFT,,,,
2026-10-06 03:00:00,Phase II,76.39,19.42,317.3,1.918,1232.3,76.40515877,76.02217894,73.77202106,3.6194182,51.82105453,0.5,0,ALARM: LINER WEAR,ALARM: BURNER DRIFT,,,,
2026-10-06 04:00:00,Phase II,76.68,18.91,308.2,1.538,1237,76.46012702,76.02217894,73.77202106,0.155336707,51.72639123,0.5,0,ALARM: LINER WEAR,ALARM: BURNER DRIFT,,,,
2026-10-06 05:00:00,Phase II,78.93,18.53,302.2,1.751,1248.7,76.95410161,76.02217894,73.77202106,2.097045544,53.57343678,0.5,0,ALARM: LINER WEAR,ALARM: BURNER DRIFT,,,,
2026-10-06 06:00:00,Phase II,77.1,18.63,304.7,1.89,1255.1,76.98328129,76.02217894,73.77202106,3.36417009,56.68760687,0.5,0,ALARM: LINER WEAR,ALARM: BURNER DRIFT,,,,
2026-10-06 07:00:00,Phase II,76.47,19.33,309,1.81,1252.3,76.88062503,76.02217894,73.77202106,2.634889776,59.07249664,0.5,0,ALARM: LINER WEAR,ALARM: BURNER DRIFT,,,,
2026-10-06 08:00:00,Phase II,76.84,19.44,295.1,1.732,1236.1,76.87250003,76.02217894,73.77202106,1.923841469,60.74633811,0.5,0,ALARM: LINER WEAR,ALARM: BURNER DRIFT,,,,
2026-10-06 09:00:00,Phase II,77.24,19.01,290.9,1.674,1231,76.94600002,76.02217894,73.77202106,1.395113241,61.89145135,0.5,0,ALARM: LINER WEAR,ALARM: BURNER DRIFT,,,,
2026-10-06 10:00:00,Phase II,74.96,19.66,304.9,1.669,1241.1,76.54880002,76.02217894,73.77202106,1.349533222,62.99098457,0.5,0,ALARM: LINER WEAR,ALARM: BURNER DRIFT,,,,
2026-10-06 11:00:00,Phase II,75.98,18.77,286.7,1.715,1225.9,76.43504001,76.02217894,73.77202106,1.768869402,64.50985398,0.5,0,ALARM: LINER WEAR,ALARM: BURNER DRIFT,,,,
2026-10-06 12:00:00,Phase II,74.85,19.43,306.9,1.857,1242.6,76.11803201,76.02217894,73.77202106,3.06334196,67.32319594,0.5,0,ALARM: LINER WEAR,ALARM: BURNER DRIFT,,,,
2026-10-06 13:00:00,Phase II,76.37,19.01,274.7,1.769,1238.8,76.16842561,76.02217894,73.77202106,2.261133615,69.33432955,0.5,0,ALARM: LINER WEAR,ALARM: BURNER DRIFT,,,,
2026-10-06 14:00:00,Phase II,75.24,19.26,315,1.739,1236.3,75.98274049,76.02217894,73.77202106,1.987653497,71.07198305,0.5,0,NORMAL,ALARM: BURNER DRIFT,,,,
2026-10-06 15:00:00,Phase II,77.11,19.57,306.1,1.599,1227.2,76.20819239,76.02217894,73.77202106,0.711412947,71.533396,0.5,0,ALARM: LINER WEAR,ALARM: BURNER DRIFT,,,,
2026-10-06 16:00:00,Phase II,76.13,19.24,302.2,1.645,1244.1,76.19255391,76.02217894,73.77202106,1.130749127,72.41414512,0.5,0,ALARM: LINER WEAR,ALARM: BURNER DRIFT,,,,
2026-10-06 17:00:00,Phase II,76.66,19.46,312.5,1.533,1235.7,76.28604313,76.02217894,73.77202106,0.109756687,72.27390181,0.5,0,ALARM: LINER WEAR,ALARM: BURNER DRIFT,,,,
2026-10-06 18:00:00,Phase II,77.97,20.04,322.2,1.759,1230.6,76.6228345,76.02217894,73.77202106,2.169973575,74.19387539,0.5,0,ALARM: LINER WEAR,ALARM: BURNER DRIFT,,,,
2026-10-06 19:00:00,Phase II,75.79,19.44,311.8,1.643,1217,76.4562676,76.02217894,73.77202106,1.11251712,75.0563925,0.5,0,ALARM: LINER WEAR,ALARM: BURNER DRIFT,,,,
2026-10-06 20:00:00,Phase II,76.57,20.03,268.4,1.597,1239.8,76.47901408,76.02217894,73.77202106,0.693180939,75.49957344,0.5,0,ALARM: LINER WEAR,ALARM: BURNER DRIFT,,,,
2026-10-06 21:00:00,Phase II,77.62,19.28,276.2,1.592,1254.2,76.70721127,76.02217894,73.77202106,0.647600919,75.89717436,0.5,0,ALARM: LINER WEAR,ALARM: BURNER DRIFT,,,,
2026-10-06 22:00:00,Phase II,75.32,19.97,285.4,1.761,1253.3,76.42976901,76.02217894,73.77202106,2.188205583,77.83537995,0.5,0,ALARM: LINER WEAR,ALARM: BURNER DRIFT,,,,
2026-10-06 23:00:00,Phase II,76.21,20.37,294.6,1.617,1236.3,76.38581521,76.02217894,73.77202106,0.875501017,78.46088096,0.5,0,ALARM: LINER WEAR,ALARM: BURNER DRIFT,,,,
2026-10-07 00:00:00,Phase II,76.75,18.83,301.4,1.569,1235.2,76.45865217,76.02217894,73.77202106,0.437932829,78.64881379,0.5,0,ALARM: LINER WEAR,ALARM: BURNER DRIFT,,,,
2026-10-07 01:00:00,Phase II,78.9,19.53,282.1,1.489,1243.8,76.94692173,76.02217894,73.77202106,-0.291347486,78.10746631,0.5,0.041347486,ALARM: LINER WEAR,ALARM: BURNER DRIFT,,,,
2026-10-07 02:00:00,Phase II,77.29,20.11,295.2,1.582,1232,77.01553739,76.02217894,73.77202106,0.55644088,78.41390719,0.5,0,ALARM: LINER WEAR,ALARM: BURNER DRIFT,,,,
2026-10-07 03:00:00,Phase II,75.45,19.83,280.5,1.729,1242.4,76.70242991,76.02217894,73.77202106,1.896493457,80.06040064,0.5,0,ALARM: LINER WEAR,ALARM: BURNER DRIFT,,,,
2026-10-07 04:00:00,Phase II,76.53,20.09,282,1.775,1246.1,76.66794393,76.02217894,73.77202106,2.315829638,82.12623028,0.5,0,ALARM: LINER WEAR,ALARM: BURNER DRIFT,,,,
2026-10-07 05:00:00,Phase II,77.73,19.73,269.5,1.646,1249.8,76.88035514,76.02217894,73.77202106,1.139865131,83.01609541,0.5,0,ALARM: LINER WEAR,ALARM: BURNER DRIFT,,,,
2026-10-07 06:00:00,Phase II,78.91,20.03,276.2,1.677,1239.2,77.28628411,76.02217894,73.77202106,1.422461253,84.18855667,0.5,0,ALARM: LINER WEAR,ALARM: BURNER DRIFT,,,,
2026-10-07 07:00:00,Phase II,77.83,19.97,269.1,1.856,1238.4,77.39502729,76.02217894,73.77202106,3.054225956,86.99278262,0.5,0,ALARM: LINER WEAR,ALARM: BURNER DRIFT,,,,
2026-10-07 08:00:00,Phase II,76.18,20.53,274.2,1.689,1233,77.15202183,76.02217894,73.77202106,1.5318533,88.27463592,0.5,0,ALARM: LINER WEAR,ALARM: BURNER DRIFT,,,,
2026-10-07 09:00:00,Phase II,78,20.19,304,1.711,1233.4,77.32161747,76.02217894,73.77202106,1.732405387,89.75704131,0.5,0,ALARM: LINER WEAR,ALARM: BURNER DRIFT,,,,
2026-10-07 10:00:00,Phase II,78.34,20.26,273.4,1.76,1238.2,77.52529397,76.02217894,73.77202106,2.179089579,91.68613089,0.5,0,ALARM: LINER WEAR,ALARM: BURNER DRIFT,,,,
2026-10-07 11:00:00,Phase II,77.01,19.99,326.5,1.718,1242.9,77.42223518,76.02217894,73.77202106,1.796217414,93.2323483,0.5,0,ALARM: LINER WEAR,ALARM: BURNER DRIFT,,,,
2026-10-07 12:00:00,Phase II,79.32,19.98,293.8,1.691,1247.3,77.80178814,76.02217894,73.77202106,1.550085308,94.53243361,0.5,0,ALARM: LINER WEAR,ALARM: BURNER DRIFT,,,,
2026-10-07 13:00:00,Phase II,77.78,20.04,288.6,1.661,1233.6,77.79743051,76.02217894,73.77202106,1.27660519,95.5590388,0.5,0,ALARM: LINER WEAR,ALARM: BURNER DRIFT,,,,
2026-10-07 14:00:00,Phase II,76.78,20.4,272.3,1.656,1251.9,77.59394441,76.02217894,73.77202106,1.231025171,96.54006397,0.5,0,ALARM: LINER WEAR,ALARM: BURNER DRIFT,,,,
2026-10-07 15:00:00,Phase II,78.07,20.1,295.1,1.568,1237.8,77.68915553,76.02217894,73.77202106,0.428816825,96.7188808,0.5,0,ALARM: LINER WEAR,ALARM: BURNER DRIFT,,,,
2026-10-07 16:00:00,Phase II,77.64,20.42,275.4,1.723,1239.8,77.67932442,76.02217894,73.77202106,1.841797434,98.31067823,0.5,0,ALARM: LINER WEAR,ALARM: BURNER DRIFT,,,,
2026-10-07 17:00:00,Phase II,78.04,21.16,285.2,1.852,1234,77.75145954,76.02217894,73.77202106,3.017761941,101.0784402,0.5,0,ALARM: LINER WEAR,ALARM: BURNER DRIFT,,,,
2026-10-07 18:00:00,Phase II,79.17,20.71,321.2,1.764,1220.6,78.03516763,76.02217894,73.77202106,2.215553595,103.0439938,0.5,0,ALARM: LINER WEAR,ALARM: BURNER DRIFT,,,,
2026-10-07 19:00:00,Phase II,77.52,20.26,280.8,1.668,1247.1,77.9321341,76.02217894,73.77202106,1.340417218,104.134411,0.5,0,ALARM: LINER WEAR,ALARM: BURNER DRIFT,,,,
2026-10-07 20:00:00,Phase II,78.84,20.9,298.8,1.875,1245.9,78.11370728,76.02217894,73.77202106,3.227430031,107.111841,0.5,0,ALARM: LINER WEAR,ALARM: BURNER DRIFT,,,,
2026-10-07 21:00:00,Phase II,78.51,20.29,270.5,1.646,1237.7,78.19296583,76.02217894,73.77202106,1.139865131,108.0017061,0.5,0,ALARM: LINER WEAR,ALARM: BURNER DRIFT,,,,
2026-10-07 22:00:00,Phase II,78.97,19.66,279.9,1.716,1240.5,78.34837266,76.02217894,73.77202106,1.777985406,109.5296916,0.5,0,ALARM: LINER WEAR,ALARM: BURNER DRIFT,,,,
2026-10-07 23:00:00,Phase II,79.91,20.11,306.4,1.641,1244.1,78.66069813,76.02217894,73.77202106,1.094285112,110.3739767,0.5,0,ALARM: LINER WEAR,ALARM: BURNER DRIFT,,,,
2026-10-08 00:00:00,Phase II,79.35,19.79,269.8,1.514,1227.5,78.7985585,76.02217894,73.77202106,-0.063447387,110.0605293,0.5,0,ALARM: LINER WEAR,ALARM: BURNER DRIFT,,,,
2026-10-08 01:00:00,Phase II,78.71,20.43,305.8,1.709,1235.8,78.7808468,76.02217894,73.77202106,1.714173379,111.5247027,0.5,0,ALARM: LINER WEAR,ALARM: BURNER DRIFT,,,,
2026-10-08 02:00:00,Phase II,77.72,20.61,288.6,1.761,1246.4,78.56867744,76.02217894,73.77202106,2.188205583,113.4629082,0.5,0,ALARM: LINER WEAR,ALARM: BURNER DRIFT,,,,
2026-10-08 03:00:00,Phase II,77.39,21.3,269,1.717,1230,78.33294195,76.02217894,73.77202106,1.78710141,115.0000096,0.5,0,ALARM: LINER WEAR,ALARM: BURNER DRIFT,,,,
2026-10-08 04:00:00,Phase II,77.16,20.79,286.3,1.821,1242.3,78.09835356,76.02217894,73.77202106,2.735165819,117.4851755,0.5,0,ALARM: LINER WEAR,ALARM: BURNER DRIFT,,,,
2026-10-08 05:00:00,Phase II,78,20.6,290.8,1.818,1229.1,78.07868285,76.02217894,73.77202106,2.707817807,119.9429933,0.5,0,ALARM: LINER WEAR,ALARM: BURNER DRIFT,,,,
2026-10-08 06:00:00,Phase II,78.56,21.05,284.9,1.747,1243.7,78.17494628,76.02217894,73.77202106,2.060581528,121.7535748,0.5,0,ALARM: LINER WEAR,ALARM: BURNER DRIFT,,,,
2026-10-08 07:00:00,Phase II,80.72,19.87,251.4,1.596,1239.7,78.68395702,76.02217894,73.77202106,0.684064935,122.1876397,0.5,0,ALARM: LINER WEAR,ALARM: BURNER DRIFT,,,,
2026-10-08 08:00:00,Phase II,79.33,20.87,263.5,1.833,1227.1,78.81316562,76.02217894,73.77202106,2.844557866,124.7821976,0.5,0,ALARM: LINER WEAR,ALARM: BURNER DRIFT,,,,
2026-10-08 09:00:00,Phase II,81.17,21.12,270.1,1.614,1249.3,79.2845325,76.02217894,73.77202106,0.848153006,125.3803506,0.5,0,ALARM: LINER WEAR,ALARM: BURNER DRIFT,,,,
2026-10-08 10:00:00,Phase II,80.43,20.25,272.1,1.899,1234.1,79.513626,76.02217894,73.77202106,3.446214125,128.5765647,0.5,0,ALARM: LINER WEAR,ALARM: BURNER DRIFT,,,,
2026-10-08 11:00:00,Phase II,82.37,21.33,281.9,1.527,1233.5,80.0849008,76.02217894,73.77202106,0.055060664,128.3816254,0.5,0,ALARM: LINER WEAR,ALARM: BURNER DRIFT,,,,
2026-10-08 12:00:00,Phase II,82.31,21.04,274.7,1.67,1241.6,80.52992064,76.02217894,73.77202106,1.358649226,129.4902746,0.5,0,ALARM: LINER WEAR,ALARM: BURNER DRIFT,,,,
2026-10-08 13:00:00,Phase II,80.28,20.76,251.4,1.649,1249.2,80.47993651,76.02217894,73.77202106,1.167213143,130.4074878,0.5,0,ALARM: LINER WEAR,ALARM: BURNER DRIFT,,,,
2026-10-08 14:00:00,Phase II,79,21.21,276.5,1.401,1231.9,80.18394921,76.02217894,73.77202106,-1.093555831,129.0639319,0.5,0.843555831,ALARM: LINER WEAR,ALARM: BURNER DRIFT,,,,
2026-10-08 15:00:00,Phase II,79.49,21.9,279.4,1.751,1240.5,80.04515937,76.02217894,73.77202106,2.097045544,130.9109775,0.5,0,ALARM: LINER WEAR,ALARM: BURNER DRIFT,,,,
2026-10-08 16:00:00,Phase II,79.79,21.09,278,1.581,1243.4,79.99412749,76.02217894,73.77202106,0.547324876,131.2083024,0.5,0,ALARM: LINER WEAR,ALARM: BURNER DRIFT,,,,
2026-10-08 17:00:00,Phase II,80.76,21.15,285.2,1.647,1245.5,80.14730199,76.02217894,73.77202106,1.148981135,132.1072835,0.5,0,ALARM: LINER WEAR,ALARM: BURNER DRIFT,,,,
2026-10-08 18:00:00,Phase II,80.23,20.9,280.9,1.743,1241.4,80.1638416,76.02217894,73.77202106,2.024117512,133.881401,0.5,0,ALARM: LINER WEAR,ALARM: BURNER DRIFT,,,,
2026-10-08 19:00:00,Phase II,79.13,20.77,274.7,1.942,1237.1,79.95707328,76.02217894,73.77202106,3.838202294,137.4696033,0.5,0,ALARM: LINER WEAR,ALARM: BURNER DRIFT,,,,
2026-10-08 20:00:00,Phase II,78.41,21.47,266.1,1.695,1233.4,79.64765862,76.02217894,73.77202106,1.586549324,138.8061526,0.5,0,ALARM: LINER WEAR,ALARM: BURNER DRIFT,,,,
2026-10-08 21:00:00,Phase II,77.13,20.83,241.7,1.659,1240.7,79.1441269,76.02217894,73.77202106,1.258373182,139.8145258,0.5,0,ALARM: LINER WEAR,ALARM: BURNER DRIFT,,,,
2026-10-08 22:00:00,Phase II,77.79,21.23,272.4,1.662,1231.4,78.87330152,76.02217894,73.77202106,1.285721194,140.850247,0.5,0,ALARM: LINER WEAR,ALARM: BURNER DRIFT,,,,
2026-10-08 23:00:00,Phase II,79.99,21.04,268.5,1.795,1216.6,79.09664121,76.02217894,73.77202106,2.498149717,143.0983967,0.5,0,ALARM: LINER WEAR,ALARM: BURNER DRIFT,,,,
2026-10-09 00:00:00,Phase II,79.8,21.45,268.9,1.608,1243.5,79.23731297,76.02217894,73.77202106,0.793456982,143.6418537,0.5,0,ALARM: LINER WEAR,ALARM: BURNER DRIFT,,,,
2026-10-09 01:00:00,Phase II,78.61,21.42,245,1.817,1247.2,79.11185038,76.02217894,73.77202106,2.698701803,146.0905555,0.5,0,ALARM: LINER WEAR,ALARM: BURNER DRIFT,,,,
2026-10-09 02:00:00,Phase II,79.31,21.74,247.4,1.728,1221.1,79.1514803,76.02217894,73.77202106,1.887377454,147.727933,0.5,0,ALARM: LINER WEAR,ALARM: BURNER DRIFT,,,,
2026-10-09 03:00:00,Phase II,80.3,21.15,278.8,1.669,1231.9,79.38118424,76.02217894,73.77202106,1.349533222,148.8274662,0.5,0,ALARM: LINER WEAR,ALARM: BURNER DRIFT,,,,
2026-10-09 04:00:00,Phase II,78.18,21.27,261.8,1.477,1245,79.14094739,76.02217894,73.77202106,-0.400739533,148.1767266,0.5,0.150739533,ALARM: LINER WEAR,ALARM: BURNER DRIFT,,,,
2026-10-09 05:00:00,Phase II,78.79,21.02,272,1.575,1256.5,79.07075791,76.02217894,73.77202106,0.492628852,148.4193555,0.5,0,ALARM: LINER WEAR,ALARM: BURNER DRIFT,,,,
2026-10-09 06:00:00,Phase II,79.47,21.26,261.6,1.726,1240.2,79.15060633,76.02217894,73.77202106,1.869145446,150.0385009,0.5,0,ALARM: LINER WEAR,ALARM: BURNER DRIFT,,,,
2026-10-09 07:00:00,Phase II,79.28,21.62,261,1.871,1234.2,79.17648507,76.02217894,73.77202106,3.190966015,152.979467,0.5,0,ALARM: LINER WEAR,ALARM: BURNER DRIFT,,,,
